med,sort,lat,lon
238770,Городские поликлиники,55.475551,37.292196
238776,Городские поликлиники,55.978293,37.167879
238778,Городские поликлиники,55.703953,37.739566
238780,Городские поликлиники,55.617905,37.652438
238781,Городские поликлиники,55.688731,37.559884
238785,Городские поликлиники,55.550961,37.327881
238786,Городские поликлиники,55.526535,37.21489
238788,Городские поликлиники,55.617974,37.655388
238789,Городские поликлиники,55.74667,37.650738
2387101,Городские поликлиники,55.743218,37.40828
238887,Городские поликлиники,55.781404,37.554589
46851,Стоматологические поликлиники,55.845316,37.567641
46852,Стоматологические поликлиники,55.818172,37.572554
46853,Стоматологические поликлиники,55.787538,37.59973
46854,Стоматологические поликлиники,55.731021,37.741629
46855,Стоматологические поликлиники,55.699198,37.848163
46856,Стоматологические поликлиники,55.697779,37.55493
46857,Стоматологические поликлиники,55.771321,37.417183
46858,Стоматологические поликлиники,55.703355,37.569947
46859,Стоматологические поликлиники,55.795678,37.581297
468514,Стоматологические поликлиники,55.674376,37.515408
468510,Стоматологические поликлиники,55.874728,37.512603
468511,Стоматологические поликлиники,55.75644,37.715341
468512,Стоматологические поликлиники,55.74496,37.7209
468513,Стоматологические поликлиники,55.61063,37.534688
468556,Стоматологические поликлиники,55.74014,37.515121
468515,Стоматологические поликлиники,55.831856,37.452649
468516,Стоматологические поликлиники,55.642881,37.401521
468517,Стоматологические поликлиники,55.725856,37.629324
468518,Стоматологические поликлиники,55.809569,37.640221
468519,Стоматологические поликлиники,55.731898,37.580821
468520,Стоматологические поликлиники,55.749454,37.77931
468521,Стоматологические поликлиники,55.744561,37.562175
468522,Стоматологические поликлиники,55.745505,37.563396
468523,Стоматологические поликлиники,55.638846,37.339952
468524,Стоматологические поликлиники,55.651167,37.617342
468525,Стоматологические поликлиники,55.707274,37.676358
468526,Стоматологические поликлиники,55.869118,37.652931
468527,Стоматологические поликлиники,55.872416,37.710232
468528,Стоматологические поликлиники,55.69485,37.747734
468529,Стоматологические поликлиники,55.699402,37.749065
468530,Стоматологические поликлиники,55.976605,37.159328
468531,Стоматологические поликлиники,55.64508,37.525072
468532,Стоматологические поликлиники,55.859705,37.524201
468533,Стоматологические поликлиники,55.781612,37.664589
468534,Стоматологические поликлиники,55.649819,37.717889
468535,Стоматологические поликлиники,55.765425,37.650116
468536,Стоматологические поликлиники,55.756455,37.640148
468537,Стоматологические поликлиники,55.763139,37.639402
468538,Стоматологические поликлиники,55.801005,37.721663
468550,Стоматологические поликлиники,55.77239,37.606406
468539,Стоматологические поликлиники,55.797836,37.406639
468540,Стоматологические поликлиники,55.783344,37.46702
468541,Стоматологические поликлиники,55.899347,37.584936
468542,Стоматологические поликлиники,55.618356,37.665588
468543,Стоматологические поликлиники,55.590802,37.653651
468544,Стоматологические поликлиники,55.568712,37.579141
468545,Стоматологические поликлиники,55.548985,37.534702
468546,Стоматологические поликлиники,55.847726,37.352019
468547,Стоматологические поликлиники,55.894137,37.391242
468548,Стоматологические поликлиники,55.727967,37.674327
468549,Стоматологические поликлиники,55.739211,37.863734
468551,Стоматологические поликлиники,55.652639,37.763735
468552,Стоматологические поликлиники,55.799831,37.547253
468553,Стоматологические поликлиники,55.802652,37.467776
468554,Стоматологические поликлиники,55.702761,37.775834
468555,Стоматологические поликлиники,55.8021,37.46924
468557,Стоматологические поликлиники,55.624761,37.313144
468558,Стоматологические поликлиники,55.720442,37.581328
468559,Стоматологические поликлиники,55.719399,37.581064
468560,Стоматологические поликлиники,55.672337,37.743753
468561,Стоматологические поликлиники,55.818342,37.822665
468573,Стоматологические поликлиники,55.79161,37.815299
468562,Стоматологические поликлиники,55.713729,37.88524
468563,Стоматологические поликлиники,55.815796,37.588908
468564,Стоматологические поликлиники,55.847943,37.441697
468565,Стоматологические поликлиники,55.616916,37.586972
468566,Стоматологические поликлиники,55.623072,37.500788
468567,Стоматологические поликлиники,55.571683,37.565457
468568,Стоматологические поликлиники,55.502817,37.583463
468569,Стоматологические поликлиники,55.534629,37.524006
468570,Стоматологические поликлиники,55.54528,37.51596
468571,Стоматологические поликлиники,55.600533,37.526539
468572,Стоматологические поликлиники,55.551473,37.553489
468574,Стоматологические поликлиники,55.757765,37.796486
468575,Стоматологические поликлиники,55.612906,37.706758
468576,Стоматологические поликлиники,55.829844,37.51999
468577,Стоматологические поликлиники,55.867368,37.526234
468578,Стоматологические поликлиники,55.672922,37.517582
468579,Стоматологические поликлиники,55.733376,37.411469
468580,Стоматологические поликлиники,55.721567,37.598302
468581,Стоматологические поликлиники,55.713983,37.615155
468582,Стоматологические поликлиники,55.475004,37.294074
468583,Стоматологические поликлиники,55.518665,37.224774
468584,Стоматологические поликлиники,55.534627,37.162332
468585,Стоматологические поликлиники,55.464849,36.942015
468586,Стоматологические поликлиники,55.472656,37.30006
468587,Стоматологические поликлиники,55.56398,37.476585
468588,Стоматологические поликлиники,55.54068,37.487654
468589,Стоматологические поликлиники,55.864817,37.566085
468595,Стоматологические поликлиники,55.794844,37.794372
468590,Стоматологические поликлиники,55.653871,37.607149
468591,Стоматологические поликлиники,55.879307,37.684868
468592,Стоматологические поликлиники,55.984612,37.237658
468593,Стоматологические поликлиники,55.793881,37.514637
468594,Стоматологические поликлиники,55.866175,37.60681
468596,Стоматологические поликлиники,55.548031,37.322923
468597,Стоматологические поликлиники,55.474191,37.536811
468598,Стоматологические поликлиники,55.523662,37.457205
468599,Стоматологические поликлиники,55.631833,37.458897
4685100,Стоматологические поликлиники,55.519598,37.351325
4685101,Стоматологические поликлиники,55.679361,37.650897
4685102,Стоматологические поликлиники,55.500552,37.566333
4685103,Стоматологические поликлиники,55.59687,37.345815
4685104,Стоматологические поликлиники,55.59568,37.208072
4685105,Стоматологические поликлиники,55.822045,37.516342
4685106,Стоматологические поликлиники,55.901118,37.585403
4685107,Стоматологические поликлиники,55.593552,37.107536
4685108,Стоматологические поликлиники,55.591608,37.373127
4685109,Стоматологические поликлиники,55.604131,37.168851
4685110,Стоматологические поликлиники,55.318968,37.180886
4685111,Стоматологические поликлиники,55.212943,37.073234
4685112,Стоматологические поликлиники,55.431223,37.275251
4685113,Стоматологические поликлиники,55.412997,37.182679
4685114,Стоматологические поликлиники,55.486006,37.51011
4685115,Стоматологические поликлиники,55.475811,37.544044
4685116,Стоматологические поликлиники,55.325618,37.348897
46901,Городские поликлиники,55.671719,37.545022
46902,Городские поликлиники,55.622874,37.501672
46903,Городские поликлиники,55.732325,37.463196
46904,Городские поликлиники,55.710089,37.395608
46905,Городские поликлиники,55.690218,37.532823
46906,Городские поликлиники,55.803338,37.487826
46907,Городские поликлиники,55.801598,37.611998
46908,Городские поликлиники,55.605092,37.529572
46909,Городские поликлиники,55.574621,37.582202
469010,Городские поликлиники,55.818176,37.857621
469011,Городские поликлиники,55.62967,37.597104
469012,Городские поликлиники,56.006133,37.798999
469013,Городские поликлиники,55.63378,37.742532
469014,Городские поликлиники,55.734555,37.414529
469015,Городские поликлиники,55.648469,37.404164
469016,Городские поликлиники,55.876661,37.51881
469017,Городские поликлиники,55.607199,37.73249
469018,Городские поликлиники,55.880028,37.692461
469019,Городские поликлиники,55.68179,37.576582
469020,Городские поликлиники,55.686226,37.579751
469021,Городские поликлиники,55.737357,37.529367
469022,Городские поликлиники,55.645092,37.738718
469023,Городские поликлиники,55.80758,37.556702
469024,Городские поликлиники,55.732965,37.676131
469025,Городские поликлиники,55.836588,37.525004
469026,Городские поликлиники,55.804197,37.542367
469027,Городские поликлиники,55.70265,37.639262
469028,Городские поликлиники,55.672791,37.652626
469029,Городские поликлиники,55.679137,37.517872
469030,Городские поликлиники,55.818176,37.857621
469031,Городские поликлиники,55.664088,37.526981
469032,Городские поликлиники,55.766928,37.647468
469033,Городские поликлиники,55.861055,37.616691
469034,Городские поликлиники,55.534629,37.524006
469035,Городские поликлиники,55.86704,37.657505
469036,Городские поликлиники,55.88059,37.6925
469037,Городские поликлиники,55.812273,37.790903
469038,Городские поликлиники,55.585908,37.690381
469039,Городские поликлиники,55.895819,37.595259
469040,Городские поликлиники,55.649256,37.6106
469041,Городские поликлиники,55.689195,37.491982
469042,Городские поликлиники,55.643353,37.405035
469043,Городские поликлиники,55.948189,37.349863
469044,Городские поликлиники,55.722732,37.789541
469045,Городские поликлиники,55.697064,37.847299
469046,Городские поликлиники,55.813685,37.574427
469047,Городские поликлиники,55.833714,37.524413
469048,Городские поликлиники,55.674085,37.746833
469049,Городские поликлиники,55.625743,37.663377
469050,Городские поликлиники,55.719439,37.458583
469051,Городские поликлиники,55.782091,37.577268
469052,Городские поликлиники,55.784806,37.732853
469053,Городские поликлиники,55.70265,37.639262
469054,Городские поликлиники,55.763032,37.710474
469055,Городские поликлиники,55.729608,37.664774
469056,Городские поликлиники,55.671402,37.593077
469057,Городские поликлиники,55.624761,37.313144
469058,Городские поликлиники,55.474191,37.536811
469059,Городские поликлиники,55.631651,37.522519
469060,Городские поликлиники,55.889326,37.561921
469061,Городские поликлиники,55.86531,37.538837
469062,Городские поликлиники,55.663717,37.644753
469063,Городские поликлиники,55.864938,37.437393
469064,Городские поликлиники,55.597667,37.618923
469065,Городские поликлиники,55.826163,37.658852
469066,Городские поликлиники,55.809404,37.642583
469067,Городские поликлиники,55.643217,37.541148
469068,Городские поликлиники,55.715713,37.746334
469069,Городские поликлиники,55.598752,37.587203
469070,Городские поликлиники,55.541143,37.507098
469071,Городские поликлиники,55.82263,37.755701
469072,Городские поликлиники,55.985202,37.184941
469073,Городские поликлиники,55.500572,37.485335
469074,Городские поликлиники,55.475811,37.544044
469075,Городские поликлиники,55.431223,37.275251
469076,Городские поликлиники,55.47178,36.897316
469077,Городские поликлиники,55.534627,37.162332
469078,Городские поликлиники,55.518665,37.224774
469079,Городские поликлиники,55.631833,37.458897
469080,Городские поликлиники,55.604955,37.170882
469081,Городские поликлиники,55.984612,37.237658
469082,Городские поликлиники,55.772177,37.488026
469083,Городские поликлиники,55.513174,37.527745
469084,Городские поликлиники,55.504558,37.570298
469085,Городские поликлиники,55.984673,37.163685
469086,Городские поликлиники,55.894137,37.391242
469087,Городские поликлиники,55.648437,37.609696
469088,Городские поликлиники,55.638846,37.339952
469089,Городские поликлиники,55.845159,37.488566
469090,Городские поликлиники,55.764155,37.644206
469091,Городские поликлиники,55.785891,37.592771
469092,Городские поликлиники,55.676228,37.499427
469093,Городские поликлиники,55.852274,37.66275
469094,Городские поликлиники,55.373052,37.378227
469095,Городские поликлиники,55.889301,37.662906
469096,Городские поликлиники,55.693225,37.748271
469097,Городские поликлиники,55.697076,37.548968
469098,Городские поликлиники,55.775893,37.50603
469099,Городские поликлиники,55.829712,37.455563
4690100,Городские поликлиники,55.814211,37.461835
4690101,Городские поликлиники,55.798364,37.485784
4690102,Городские поликлиники,55.819255,37.629959
4690103,Городские поликлиники,55.809541,37.631601
4690104,Городские поликлиники,55.814037,37.579769
4690105,Городские поликлиники,55.61063,37.534688
4690106,Городские поликлиники,55.804944,37.462394
4690107,Городские поликлиники,55.623852,37.488874
4690108,Городские поликлиники,55.603759,37.535519
4690109,Городские поликлиники,55.612227,37.708569
4690110,Городские поликлиники,55.627635,37.650207
4690111,Городские поликлиники,55.603917,37.714527
4690112,Городские поликлиники,55.606084,37.608922
4690113,Городские поликлиники,55.599269,37.587434
4690114,Городские поликлиники,55.889088,37.663813
4690115,Городские поликлиники,55.845606,37.364599
4690116,Городские поликлиники,55.829612,37.594969
4690117,Городские поликлиники,55.601031,37.601512
4690118,Городские поликлиники,55.590057,37.608551
4690119,Городские поликлиники,55.568011,37.581301
4690120,Городские поликлиники,55.738598,37.83016
4690121,Городские поликлиники,55.802354,37.802123
4690122,Городские поликлиники,55.760311,37.833034
4690123,Городские поликлиники,55.830667,37.349495
4690124,Городские поликлиники,55.851741,37.430723
4690125,Городские поликлиники,55.849648,37.361616
4690126,Городские поликлиники,55.842395,37.357174
4690127,Городские поликлиники,55.811547,37.407517
4690128,Городские поликлиники,55.794008,37.3957
4690129,Городские поликлиники,55.666356,37.762504
4690130,Городские поликлиники,55.675981,37.753192
4690131,Городские поликлиники,55.820686,37.818247
4690132,Городские поликлиники,55.813591,37.811285
4690133,Городские поликлиники,55.805196,37.826616
4690134,Городские поликлиники,55.788721,37.785893
4690135,Городские поликлиники,55.812495,37.779777
4690136,Городские поликлиники,55.763696,37.411746
4690137,Городские поликлиники,55.784176,37.352739
4690138,Городские поликлиники,55.734169,37.421903
4690139,Городские поликлиники,55.633243,37.59306
4690140,Городские поликлиники,55.621124,37.593123
4690141,Городские поликлиники,55.68878,37.491076
4690142,Городские поликлиники,55.676801,37.771498
4690143,Городские поликлиники,55.721604,37.462437
4690144,Городские поликлиники,55.712228,37.513518
4690145,Городские поликлиники,55.712325,37.478808
4690146,Городские поликлиники,55.637493,37.695512
4690147,Городские поликлиники,55.85083,37.346574
4690148,Городские поликлиники,55.634389,37.740851
4690149,Городские поликлиники,55.642202,37.772065
4690150,Городские поликлиники,55.638756,37.673681
4690151,Городские поликлиники,55.615765,37.297937
4690152,Городские поликлиники,55.651873,37.400074
4690153,Городские поликлиники,55.638504,37.365032
4690154,Городские поликлиники,55.63636,37.27095
4690155,Городские поликлиники,55.671269,37.464106
4690156,Городские поликлиники,55.662291,37.491302
4690157,Городские поликлиники,55.642881,37.401521
4690158,Городские поликлиники,55.616516,37.735124
4690159,Городские поликлиники,55.617881,37.720612
4690160,Городские поликлиники,55.87455,37.646613
4690161,Городские поликлиники,55.872416,37.710232
4690162,Городские поликлиники,55.877136,37.726035
4690163,Городские поликлиники,55.849511,37.405638
4690164,Городские поликлиники,55.862008,37.422337
4690165,Городские поликлиники,55.85131,37.430807
4690166,Городские поликлиники,55.861204,37.435853
4690167,Городские поликлиники,55.667601,37.565676
4690168,Городские поликлиники,55.687612,37.594301
4690169,Городские поликлиники,55.86695,37.474449
4690170,Городские поликлиники,55.681719,37.550139
4690171,Городские поликлиники,55.760362,37.567548
4690172,Городские поликлиники,55.756201,37.54273
4690173,Городские поликлиники,55.753092,37.521286
4690174,Городские поликлиники,55.765267,37.566384
4690175,Городские поликлиники,55.763894,37.4789
4690176,Городские поликлиники,55.747857,37.555617
4690177,Городские поликлиники,55.685201,37.851911
4690178,Городские поликлиники,55.699198,37.848163
4690179,Городские поликлиники,55.699239,37.810388
4690180,Городские поликлиники,55.677629,37.597729
4690181,Городские поликлиники,55.719634,37.797403
4690182,Городские поликлиники,55.683541,37.916926
4690183,Городские поликлиники,55.698673,37.92983
4690184,Городские поликлиники,55.765982,37.594359
4690185,Городские поликлиники,55.760538,37.59759
4690186,Городские поликлиники,55.750229,37.590841
4690187,Городские поликлиники,55.650747,37.747175
4690188,Городские поликлиники,55.817849,37.488221
4690189,Городские поликлиники,55.86801,37.492277
4690190,Городские поликлиники,55.866335,37.475222
4690191,Городские поликлиники,55.867025,37.473343
4690192,Городские поликлиники,55.818399,37.494886
4690193,Городские поликлиники,55.854624,37.501282
4690194,Городские поликлиники,55.948189,37.349863
4690195,Городские поликлиники,55.763758,37.666378
4690196,Городские поликлиники,55.741628,37.685494
4690197,Городские поликлиники,55.737859,37.656717
4690198,Городские поликлиники,55.770819,37.634378
4690199,Городские поликлиники,55.780957,37.665153
4690200,Городские поликлиники,55.781033,37.638224
4690201,Городские поликлиники,55.791712,37.685838
4690202,Городские поликлиники,55.751949,37.682449
4690203,Городские поликлиники,55.584554,37.649145
4690204,Городские поликлиники,55.590473,37.668602
4690205,Городские поликлиники,55.590802,37.653651
4690206,Городские поликлиники,55.58628,37.669492
4690207,Городские поликлиники,55.602772,37.660706
4690208,Городские поликлиники,55.794116,37.581493
4690209,Городские поликлиники,55.839739,37.542637
4690210,Городские поликлиники,55.823242,37.564676
4690211,Городские поликлиники,55.800708,37.544962
4690212,Городские поликлиники,55.801977,37.51945
4690213,Городские поликлиники,55.800895,37.560863
4690214,Городские поликлиники,55.783842,37.51986
4690215,Городские поликлиники,55.782091,37.577268
4690216,Городские поликлиники,55.785518,37.712932
4690217,Городские поликлиники,55.785991,37.713326
4690218,Городские поликлиники,55.793402,37.725216
4690219,Городские поликлиники,55.771146,37.681721
4690220,Городские поликлиники,55.801975,37.778664
4690221,Городские поликлиники,55.715939,37.889924
4690222,Городские поликлиники,55.725849,37.80687
4690223,Городские поликлиники,55.74263,37.875027
4690224,Городские поликлиники,55.681389,37.661377
4690225,Городские поликлиники,55.724891,37.653102
4690226,Городские поликлиники,55.686032,37.695184
4690227,Городские поликлиники,55.714593,37.628632
4690228,Городские поликлиники,55.696447,37.622507
4690229,Городские поликлиники,55.727021,37.632743
4690230,Городские поликлиники,55.740695,37.575111
4690231,Городские поликлиники,55.721398,37.583562
4690232,Городские поликлиники,55.739089,37.605326
4690233,Городские поликлиники,55.755008,37.784994
4690234,Городские поликлиники,55.754131,37.823479
4690235,Городские поликлиники,55.740116,37.760898
4690236,Городские поликлиники,55.756445,37.807381
4690237,Городские поликлиники,55.678238,37.448927
4690238,Городские поликлиники,55.661939,37.762758
4690239,Городские поликлиники,55.621124,37.593123
4690240,Городские поликлиники,55.766548,37.586171
4690241,Городские поликлиники,55.680284,37.523456
4690242,Городские поликлиники,55.674115,37.532812
4690243,Городские поликлиники,55.697398,37.554229
4690244,Городские поликлиники,55.672502,37.555806
4690245,Городские поликлиники,55.733566,37.680554
4690246,Городские поликлиники,55.754554,37.647103
4690247,Городские поликлиники,55.738822,37.690276
4690248,Городские поликлиники,55.779105,37.708161
4690249,Городские поликлиники,55.978929,37.190609
4690250,Городские поликлиники,55.980467,37.161107
4690251,Городские поликлиники,55.994613,37.225388
4690252,Городские поликлиники,56.001787,37.204864
4690253,Городские поликлиники,55.714281,37.77573
4690254,Городские поликлиники,55.874164,37.634666
4690255,Городские поликлиники,55.814037,37.579769
4690256,Городские поликлиники,55.861055,37.616691
4690257,Городские поликлиники,55.571683,37.565457
4690258,Городские поликлиники,55.54528,37.51596
4690259,Городские поликлиники,55.857203,37.587206
4690260,Городские поликлиники,55.502817,37.583463
4690261,Городские поликлиники,55.574621,37.582202
4690262,Городские поликлиники,55.550575,37.568144
4690263,Городские поликлиники,55.603743,37.711829
4690264,Городские поликлиники,55.601221,37.740719
4690265,Городские поликлиники,55.621787,37.719138
4690266,Городские поликлиники,55.713729,37.88524
4690267,Городские поликлиники,55.734056,37.861017
4690268,Городские поликлиники,55.715264,37.854314
4690269,Городские поликлиники,55.760875,37.833272
4690270,Городские поликлиники,55.741877,37.86887
4690271,Городские поликлиники,55.809923,37.814177
4690272,Городские поликлиники,55.723471,37.400617
4690273,Городские поликлиники,55.816571,37.802992
4690274,Городские поликлиники,55.551473,37.553489
4690275,Городские поликлиники,55.776544,37.82897
4690276,Городские поликлиники,56.006133,37.798999
4690277,Городские поликлиники,55.797425,37.81162
4690278,Городские поликлиники,55.885235,37.597669
4690279,Городские поликлиники,55.757896,37.536096
4690280,Городские поликлиники,55.901855,37.577726
4690281,Городские поликлиники,55.896093,37.607647
4690282,Городские поликлиники,55.896891,37.628976
4690283,Городские поликлиники,55.907478,37.55231
4690284,Городские поликлиники,55.923859,37.541592
4690285,Городские поликлиники,55.620513,37.592617
4690286,Городские поликлиники,55.629186,37.596934
4690287,Городские поликлиники,55.74837,37.423698
4690288,Городские поликлиники,55.762423,37.405963
4690289,Городские поликлиники,55.784176,37.352739
4690290,Городские поликлиники,55.743194,37.408265
4690291,Городские поликлиники,55.676831,37.500228
4690292,Городские поликлиники,55.71255,37.514147
4690293,Городские поликлиники,55.678566,37.448328
4690294,Городские поликлиники,55.656523,37.4705
4690295,Городские поликлиники,55.776014,37.630012
4690296,Городские поликлиники,55.867195,37.474142
4690297,Городские поликлиники,55.855209,37.500978
4690298,Городские поликлиники,55.838384,37.490928
4690299,Городские поликлиники,55.873971,37.493402
4690300,Городские поликлиники,55.68707,37.85394
4690301,Городские поликлиники,55.735886,37.751498
4690302,Городские поликлиники,55.695506,37.8157
4690303,Городские поликлиники,55.70843,37.807929
4690304,Городские поликлиники,55.683541,37.916926
4690305,Городские поликлиники,55.641113,37.768872
4690306,Городские поликлиники,55.615261,37.74781
4690307,Городские поликлиники,55.664505,37.769612
4690308,Городские поликлиники,55.868619,37.551375
4690309,Городские поликлиники,55.637493,37.695512
4690310,Городские поликлиники,55.70213,37.681359
4690311,Городские поликлиники,55.868418,37.551536
4690312,Городские поликлиники,55.666024,37.753326
4690313,Городские поликлиники,55.670207,37.769711
4690314,Городские поликлиники,55.651594,37.746973
4690315,Городские поликлиники,55.640427,37.670682
4690316,Городские поликлиники,55.734735,37.862401
4690317,Городские поликлиники,55.602772,37.660706
4690318,Городские поликлиники,55.580101,37.667332
4690319,Городские поликлиники,55.799956,37.727421
4690320,Городские поликлиники,55.822252,37.755218
4690321,Городские поликлиники,55.816883,37.713058
4690322,Городские поликлиники,55.736888,37.529692
4690323,Городские поликлиники,55.710151,37.394444
4690324,Городские поликлиники,55.712764,37.479383
4690325,Городские поликлиники,55.725617,37.561481
4690326,Городские поликлиники,55.750084,37.581254
4690327,Городские поликлиники,55.785325,37.520771
4690328,Городские поликлиники,55.803396,37.496805
4690329,Городские поликлиники,55.599253,37.532521
4690330,Городские поликлиники,55.600533,37.526539
4690331,Городские поликлиники,55.694061,37.741865
4690332,Городские поликлиники,55.714485,37.738739
4690333,Городские поликлиники,55.715713,37.746334
4690334,Городские поликлиники,55.789694,37.69478
4690335,Городские поликлиники,55.790213,37.774929
4690336,Городские поликлиники,55.797298,37.395042
4690337,Городские поликлиники,55.809607,37.398303
4690338,Городские поликлиники,55.720442,37.581328
4690339,Городские поликлиники,55.806193,37.455763
4690340,Городские поликлиники,55.803338,37.487826
4690341,Городские поликлиники,55.702674,37.687501
4690342,Городские поликлиники,55.677714,37.726796
4690343,Городские поликлиники,55.777201,37.672666
4690344,Городские поликлиники,55.737981,37.616412
4690345,Городские поликлиники,55.610759,37.539511
4690346,Городские поликлиники,55.655664,37.568883
4690347,Городские поликлиники,55.688774,37.582067
4690348,Городские поликлиники,55.72327,37.822561
4690349,Городские поликлиники,55.738998,37.829876
4690350,Городские поликлиники,55.709969,37.779052
4690351,Городские поликлиники,55.749464,37.812839
4690352,Городские поликлиники,55.7476,37.797096
4690353,Городские поликлиники,55.755476,37.783494
4690354,Городские поликлиники,55.643358,37.540534
4690355,Городские поликлиники,55.648359,37.517757
4690356,Городские поликлиники,55.623072,37.500788
4690357,Городские поликлиники,55.640887,37.477021
4690358,Городские поликлиники,55.887435,37.518215
4690359,Городские поликлиники,55.878531,37.506803
4690360,Городские поликлиники,55.686032,37.695184
4690361,Городские поликлиники,55.678679,37.701888
4690362,Городские поликлиники,55.83353,37.449434
4690363,Городские поликлиники,55.83353,37.449434
4690364,Городские поликлиники,55.778233,37.467846
4690365,Городские поликлиники,55.777442,37.488689
4690366,Городские поликлиники,55.57774,37.658784
4690367,Городские поликлиники,55.801587,37.613936
4690368,Городские поликлиники,55.829689,37.597398
4690369,Городские поликлиники,55.663499,37.526606
4690370,Городские поликлиники,55.722193,37.596758
4690371,Городские поликлиники,55.647882,37.517845
4690372,Городские поликлиники,55.654485,37.579185
4690373,Городские поликлиники,55.655338,37.597771
4690374,Городские поликлиники,55.640887,37.477021
4690375,Городские поликлиники,55.631651,37.522519
4690376,Городские поликлиники,55.709157,37.811793
4690377,Городские поликлиники,55.725236,37.776801
4690378,Городские поликлиники,55.765346,37.71864
4690379,Городские поликлиники,55.519598,37.351325
4690380,Городские поликлиники,55.872857,37.710942
4690381,Городские поликлиники,55.735112,37.751058
4690382,Городские поликлиники,55.901838,37.574624
4690383,Городские поликлиники,55.878354,37.580599
4690384,Городские поликлиники,55.923859,37.541592
4690385,Городские поликлиники,55.907478,37.55231
4690386,Городские поликлиники,55.701153,37.779479
4690387,Городские поликлиники,55.893957,37.604482
4690388,Городские поликлиники,55.534629,37.524006
4690389,Городские поликлиники,55.542407,37.553363
4690390,Городские поликлиники,55.537028,37.577196
4690391,Городские поликлиники,55.502985,37.581549
4690392,Городские поликлиники,55.736411,37.475441
4690393,Городские поликлиники,55.550575,37.568144
4690394,Городские поликлиники,55.548985,37.534702
4690395,Городские поликлиники,55.814746,37.714057
4690396,Городские поликлиники,55.899275,37.618373
4690397,Городские поликлиники,55.893453,37.592869
4690398,Городские поликлиники,55.825058,37.657394
4690399,Городские поликлиники,55.751416,37.50191
4690400,Городские поликлиники,55.72124,37.431575
4690401,Городские поликлиники,55.714384,37.617079
4690402,Городские поликлиники,55.723537,37.401413
4690403,Городские поликлиники,55.874539,37.564624
4690404,Городские поликлиники,55.870913,37.537893
4690405,Городские поликлиники,55.889258,37.560772
4690406,Городские поликлиники,55.864071,37.557721
4690407,Городские поликлиники,55.880074,37.492342
4690408,Городские поликлиники,55.87783,37.540928
4690409,Городские поликлиники,55.31841,37.18228
4690410,Городские поликлиники,55.212943,37.073234
4690411,Городские поликлиники,55.417584,37.403569
4690412,Городские поликлиники,55.486006,37.51011
4690413,Городские поликлиники,55.325618,37.348897
4690414,Городские поликлиники,55.475004,37.294074
4690415,Городские поликлиники,55.472656,37.30006
4690416,Городские поликлиники,55.564129,37.477738
4690417,Городские поликлиники,55.465063,36.941163
4690418,Городские поликлиники,55.59687,37.345815
4690419,Городские поликлиники,55.591608,37.373127
4690420,Городские поликлиники,55.604131,37.168851
4690421,Городские поликлиники,55.59568,37.208072
4690422,Городские поликлиники,55.593552,37.107536
4690423,Городские поликлиники,55.548031,37.322923
4690424,Городские поликлиники,55.548135,37.321636
4690425,Городские поликлиники,55.660194,37.613875
4690426,Городские поликлиники,55.654472,37.768944
4690427,Городские поликлиники,55.637405,37.802925
4690428,Городские поликлиники,55.801206,37.72292
4690429,Городские поликлиники,55.747862,37.424316
4690430,Городские поликлиники,55.70167,37.777005
4690431,Городские поликлиники,55.861483,37.607986
4690432,Городские поликлиники,55.488076,37.502255
4690433,Городские поликлиники,55.776161,37.829245
4690434,Городские поликлиники,55.639363,37.365096
4690435,Городские поликлиники,55.639368,37.338857
4690436,Городские поликлиники,55.649731,37.734058
4690437,Городские поликлиники,55.686494,37.590934
4690438,Городские поликлиники,55.775538,37.597562
4690439,Городские поликлиники,55.733318,37.715502
4690440,Городские поликлиники,55.448766,37.511275
4690441,Городские поликлиники,55.86704,37.657505
4690442,Городские поликлиники,55.691991,37.71983
4690443,Городские поликлиники,55.677912,37.724645
4690444,Городские поликлиники,55.629186,37.676679
4690445,Городские поликлиники,55.970915,37.173071
4690446,Городские поликлиники,56.000887,37.204441
4690447,Городские поликлиники,55.412997,37.182679
4690448,Городские поликлиники,55.802101,37.541683
4690449,Городские поликлиники,55.798872,37.580729
4690450,Городские поликлиники,55.655387,37.596859
4690451,Городские поликлиники,55.870785,37.604945
4690452,Городские поликлиники,55.881924,37.640475
4690453,Городские поликлиники,55.864508,37.617939
4690454,Городские поликлиники,55.719613,37.735028
4690455,Городские поликлиники,55.54068,37.487654
4690456,Городские поликлиники,55.770221,37.625084
4690457,Городские поликлиники,55.71598,37.846685
4690458,Городские поликлиники,55.523662,37.457205
47026,Стоматологические поликлиники,55.86158,37.687046
470223,Стоматологические поликлиники,55.65114,37.61751
4702182,Стоматологические поликлиники,55.694005,37.71435
4702103,Стоматологические поликлиники,55.646265,37.383281
4702227,Стоматологические поликлиники,55.78002,37.664299
4702249,Стоматологические поликлиники,55.754888,37.795389
47032,Городские поликлиники,55.515752,37.528341
47035,Городские поликлиники,55.551055,37.327514
47039,Городские поликлиники,55.833409,37.446778
470312,Городские поликлиники,55.832964,37.649127
470314,Городские поликлиники,55.758852,37.822132
470316,Городские поликлиники,55.650021,37.579802
470317,Городские поликлиники,55.494045,37.523789
470322,Городские поликлиники,55.859724,37.542502
470324,Городские поликлиники,55.483095,37.550937
470329,Городские поликлиники,55.734386,37.414437
470333,Городские поликлиники,55.79209,37.339141
470336,Городские поликлиники,55.81473,37.567959
470339,Городские поликлиники,55.653138,37.427215
470345,Городские поликлиники,55.674768,37.56623
470349,Городские поликлиники,55.428357,37.269318
470350,Городские поликлиники,55.718161,37.738238
470355,Городские поликлиники,55.752754,37.394454
470358,Городские поликлиники,55.850453,37.709029
470360,Городские поликлиники,55.511058,37.324664
470361,Городские поликлиники,55.500127,37.331477
470362,Городские поликлиники,55.702386,37.63851
470363,Городские поликлиники,55.9273,37.388452
470365,Городские поликлиники,55.49594,37.334212
470381,Городские поликлиники,55.523008,37.513909
470386,Городские поликлиники,55.514948,37.289812
470399,Городские поликлиники,55.671401,37.757023
470388,Городские поликлиники,55.846728,37.450884
470390,Городские поликлиники,55.784819,37.325988
470391,Городские поликлиники,55.807171,37.536437
470392,Городские поликлиники,55.625853,37.341992
470396,Городские поликлиники,55.744459,37.496316
470397,Городские поликлиники,55.692312,37.506442
470398,Городские поликлиники,55.687904,37.45478
4703102,Городские поликлиники,55.840565,37.575681
4703105,Городские поликлиники,55.668914,37.507335
4703108,Городские поликлиники,55.716182,37.846694
4703110,Городские поликлиники,55.866931,37.367189
4703111,Городские поликлиники,55.856357,37.413307
4703113,Городские поликлиники,55.745364,37.762218
4703115,Городские поликлиники,55.814235,37.809998
4703121,Городские поликлиники,55.776057,37.483276
4703128,Городские поликлиники,55.619592,37.47239
4703134,Городские поликлиники,55.566639,37.290163
4703135,Городские поликлиники,55.850768,37.523359
4703136,Городские поликлиники,55.573457,37.281077
4703138,Городские поликлиники,55.755345,37.770866
4703139,Городские поликлиники,55.71032,37.94837
4703141,Городские поликлиники,55.656514,37.386901
4703142,Городские поликлиники,55.978386,37.167602
4703143,Городские поликлиники,55.82311,37.421316
4703152,Городские поликлиники,55.852486,37.387674
4703149,Городские поликлиники,55.87686,37.516106
4703150,Городские поликлиники,55.841569,37.543419
4703154,Городские поликлиники,55.78242,37.461614
4703157,Городские поликлиники,55.654623,37.579021
4703161,Городские поликлиники,55.695037,37.651728
4703162,Городские поликлиники,55.863657,37.517448
4703165,Городские поликлиники,55.682143,37.607816
4703166,Городские поликлиники,55.853155,37.657328
4703167,Городские поликлиники,55.688469,37.602844
4703168,Городские поликлиники,55.688739,37.559943
4703170,Городские поликлиники,55.719794,37.864829
4703172,Городские поликлиники,55.873917,37.577619
4703173,Городские поликлиники,55.671557,37.60726
4703177,Городские поликлиники,55.860673,37.645483
4703181,Городские поликлиники,55.799462,37.817793
4703184,Городские поликлиники,55.607199,37.407369
4703185,Городские поликлиники,55.752462,37.682852
4703190,Городские поликлиники,55.827416,37.761566
4703191,Городские поликлиники,55.804778,37.790448
4703193,Городские поликлиники,55.798214,37.767405
4703214,Городские поликлиники,55.686399,37.627241
4703195,Городские поликлиники,55.750935,37.686584
4703196,Городские поликлиники,55.655077,37.560592
4703197,Городские поликлиники,55.612822,37.474048
4703200,Городские поликлиники,55.39949,37.367688
4703202,Городские поликлиники,55.386725,37.406825
4703203,Городские поликлиники,55.412727,37.184815
4703204,Городские поликлиники,55.545656,37.486275
4703205,Городские поликлиники,55.565042,37.489401
4703206,Городские поликлиники,55.592143,37.451215
4703208,Городские поликлиники,55.721664,37.462596
4703209,Городские поликлиники,55.697422,37.761794
4703210,Городские поликлиники,55.730483,37.715814
4703213,Городские поликлиники,55.709963,37.778955
4703252,Городские поликлиники,55.748244,37.791642
4703215,Городские поликлиники,55.703902,37.739273
4703217,Городские поликлиники,55.644166,37.70647
4703220,Городские поликлиники,55.588128,37.607476
4703223,Городские поликлиники,55.591663,37.644767
4703225,Городские поликлиники,55.474553,37.536608
4703226,Городские поликлиники,55.624628,37.651109
4703253,Городские поликлиники,55.681535,37.752828
4703239,Городские поликлиники,55.817806,37.756413
4703240,Городские поликлиники,55.806946,37.763653
4703241,Городские поликлиники,55.806956,37.722812
4703243,Городские поликлиники,55.662928,37.736898
4703244,Городские поликлиники,55.593369,37.202432
4703245,Городские поликлиники,55.605023,37.168364
4703246,Городские поликлиники,55.588267,37.160195
4703247,Городские поликлиники,55.721064,37.770546
4703248,Городские поликлиники,55.719466,37.803318
4703251,Городские поликлиники,55.725033,37.404751
4703254,Городские поликлиники,55.723327,37.899416
4703264,Городские поликлиники,55.371509,37.214889
4703262,Городские поликлиники,55.57873,37.418046
4703265,Городские поликлиники,55.800908,37.598713
4703266,Городские поликлиники,55.607228,37.723075
4703267,Городские поликлиники,55.643126,37.632304
4703270,Городские поликлиники,55.782186,37.545738
4703273,Городские поликлиники,55.76428,37.728905
4703280,Городские поликлиники,55.52645,37.214879
4703290,Городские поликлиники,55.560397,37.492645
4703291,Городские поликлиники,55.758228,37.507901
4703294,Городские поликлиники,55.76331,37.709512
4703306,Городские поликлиники,55.605306,37.371281
4703311,Городские поликлиники,55.820578,37.443899
4703319,Городские поликлиники,55.637454,37.308359
4703330,Городские поликлиники,55.475446,37.292113
